{
  "name": "foundation-sites",
  "version": "6.2.0",
  "main": [
    "scss/foundation.scss",
    "dist/foundation.js"
  ],
  "ignore": [
    "config",
    "docs",
    "gulp",
    "lib",
    "test",
    "composer.json",
    "CONTRIBUTING.md",
    "gulpfile.js",
    "meteor-README.md",
    "package.js",
    "package.json",
    "sache.json",
    ".editorconfig",
    ".npm",
    ".gitignore",
    ".npmignore",
    ".versions"
  ],
  "dependencies": {
    "jquery": "~2.2.0",
    "what-input": "~1.1.2"
  },
  "homepage": "https://github.com/zurb/foundation-sites",
  "_release": "6.2.0",
  "_resolution": {
    "type": "version",
    "tag": "v6.2.0",
    "commit": "d79008091c6f32ffd9bd6ea60d266c4a76771886"
  },
  "_source": "https://github.com/zurb/foundation-sites.git",
  "_target": "6.2.0",
  "_originalSource": "foundation-sites"
}